package,benchmark,ns_per_op,us_per_op,ms_per_op,bytes_per_op,allocs_per_op
cryptna-lab/common/attest,BenchmarkVerifyHistoryEvidence/events_1,30657.0,30.657,0.030657,1600.0,12.0
cryptna-lab/common/attest,BenchmarkVerifyHistoryEvidence/events_1,30193.0,30.193,0.030193,1600.0,12.0
cryptna-lab/common/attest,BenchmarkVerifyHistoryEvidence/events_1,31265.0,31.265,0.031265,1600.0,12.0
cryptna-lab/common/attest,BenchmarkVerifyHistoryEvidence/events_1,29929.0,29.929,0.029929,1600.0,12.0
cryptna-lab/common/attest,BenchmarkVerifyHistoryEvidence/events_1,30122.0,30.122,0.030122,1600.0,12.0
cryptna-lab/common/attest,BenchmarkVerifyHistoryEvidence/events_1,30288.0,30.288,0.030288,1600.0,12.0
cryptna-lab/common/attest,BenchmarkVerifyHistoryEvidence/events_1,29963.0,29.963,0.029963,1600.0,12.0
cryptna-lab/common/attest,BenchmarkVerifyHistoryEvidence/events_1,30082.0,30.082,0.030082,1600.0,12.0
cryptna-lab/common/attest,BenchmarkVerifyHistoryEvidence/events_1,31032.0,31.032,0.031032,1600.0,12.0
cryptna-lab/common/attest,BenchmarkVerifyHistoryEvidence/events_1,30072.0,30.072,0.030072,1600.0,12.0
cryptna-lab/common/attest,BenchmarkVerifyHistoryEvidence/events_10,36161.0,36.161,0.036161,6784.0,48.0
cryptna-lab/common/attest,BenchmarkVerifyHistoryEvidence/events_10,36154.0,36.154,0.036154,6785.0,48.0
cryptna-lab/common/attest,BenchmarkVerifyHistoryEvidence/events_10,37741.0,37.741,0.037741,6784.0,48.0
cryptna-lab/common/attest,BenchmarkVerifyHistoryEvidence/events_10,35868.0,35.868,0.035868,6785.0,48.0
cryptna-lab/common/attest,BenchmarkVerifyHistoryEvidence/events_10,36048.0,36.048,0.036048,6785.0,48.0
cryptna-lab/common/attest,BenchmarkVerifyHistoryEvidence/events_10,35698.0,35.698,0.035698,6785.0,48.0
cryptna-lab/common/attest,BenchmarkVerifyHistoryEvidence/events_10,36173.0,36.173,0.036173,6784.0,48.0
cryptna-lab/common/attest,BenchmarkVerifyHistoryEvidence/events_10,36234.0,36.234,0.036234,6785.0,48.0
cryptna-lab/common/attest,BenchmarkVerifyHistoryEvidence/events_10,36115.0,36.115,0.036115,6785.0,48.0
cryptna-lab/common/attest,BenchmarkVerifyHistoryEvidence/events_10,36594.0,36.594,0.036594,6785.0,48.0
cryptna-lab/common/attest,BenchmarkVerifyHistoryEvidence/events_100,92642.0,92.642,0.092642,58632.0,408.0
cryptna-lab/common/attest,BenchmarkVerifyHistoryEvidence/events_100,93522.0,93.522,0.093522,58632.0,408.0
cryptna-lab/common/attest,BenchmarkVerifyHistoryEvidence/events_100,93829.0,93.829,0.093829,58632.0,408.0
cryptna-lab/common/attest,BenchmarkVerifyHistoryEvidence/events_100,93238.0,93.238,0.093238,58632.0,408.0
cryptna-lab/common/attest,BenchmarkVerifyHistoryEvidence/events_100,93079.0,93.079,0.093079,58632.0,408.0
cryptna-lab/common/attest,BenchmarkVerifyHistoryEvidence/events_100,93669.0,93.669,0.093669,58632.0,408.0
cryptna-lab/common/attest,BenchmarkVerifyHistoryEvidence/events_100,93881.0,93.881,0.093881,58632.0,408.0
cryptna-lab/common/attest,BenchmarkVerifyHistoryEvidence/events_100,95419.0,95.419,0.095419,58633.0,408.0
cryptna-lab/common/attest,BenchmarkVerifyHistoryEvidence/events_100,94440.0,94.44,0.09444,58633.0,408.0
cryptna-lab/common/attest,BenchmarkVerifyHistoryEvidence/events_100,92521.0,92.521,0.092521,58633.0,408.0
cryptna-lab/common/attest,BenchmarkVerifyHistoryEvidence/events_1000,668371.0,668.371,0.668371,577127.0,4008.0
cryptna-lab/common/attest,BenchmarkVerifyHistoryEvidence/events_1000,672947.0,672.947,0.672947,577130.0,4008.0
cryptna-lab/common/attest,BenchmarkVerifyHistoryEvidence/events_1000,684512.0,684.512,0.684512,577124.0,4008.0
cryptna-lab/common/attest,BenchmarkVerifyHistoryEvidence/events_1000,687367.0,687.367,0.687367,577126.0,4008.0
cryptna-lab/common/attest,BenchmarkVerifyHistoryEvidence/events_1000,674459.0,674.459,0.674459,577125.0,4008.0
cryptna-lab/common/attest,BenchmarkVerifyHistoryEvidence/events_1000,671762.0,671.762,0.671762,577126.0,4008.0
cryptna-lab/common/attest,BenchmarkVerifyHistoryEvidence/events_1000,678806.0,678.806,0.678806,577129.0,4008.0
cryptna-lab/common/attest,BenchmarkVerifyHistoryEvidence/events_1000,667984.0,667.984,0.667984,577127.0,4008.0
cryptna-lab/common/attest,BenchmarkVerifyHistoryEvidence/events_1000,679471.0,679.471,0.679471,577128.0,4008.0
cryptna-lab/common/attest,BenchmarkVerifyHistoryEvidence/events_1000,686448.0,686.448,0.686448,577129.0,4008.0
cryptna-lab/common/attest,BenchmarkHashEnforcementEvent,509.4,0.5094,0.0005094,512.0,4.0
cryptna-lab/common/attest,BenchmarkHashEnforcementEvent,504.8,0.5048,0.0005048,512.0,4.0
cryptna-lab/common/attest,BenchmarkHashEnforcementEvent,501.4,0.5014,0.0005013999999999999,512.0,4.0
cryptna-lab/common/attest,BenchmarkHashEnforcementEvent,504.5,0.5045,0.0005045,512.0,4.0
cryptna-lab/common/attest,BenchmarkHashEnforcementEvent,499.0,0.499,0.000499,512.0,4.0
cryptna-lab/common/attest,BenchmarkHashEnforcementEvent,498.2,0.4982,0.0004982,512.0,4.0
cryptna-lab/common/attest,BenchmarkHashEnforcementEvent,500.2,0.5002,0.0005002,512.0,4.0
cryptna-lab/common/attest,BenchmarkHashEnforcementEvent,503.6,0.5036,0.0005036,512.0,4.0
cryptna-lab/common/attest,BenchmarkHashEnforcementEvent,509.7,0.5097,0.0005097,512.0,4.0
cryptna-lab/common/attest,BenchmarkHashEnforcementEvent,494.6,0.49460000000000004,0.0004946,512.0,4.0
cryptna-lab/common/attest,BenchmarkHashEnforcementCheckpoint,609.9,0.6099,0.0006099,592.0,4.0
cryptna-lab/common/attest,BenchmarkHashEnforcementCheckpoint,607.1,0.6071,0.0006071000000000001,592.0,4.0
cryptna-lab/common/attest,BenchmarkHashEnforcementCheckpoint,606.7,0.6067,0.0006067000000000001,592.0,4.0
cryptna-lab/common/attest,BenchmarkHashEnforcementCheckpoint,611.4,0.6113999999999999,0.0006114,592.0,4.0
cryptna-lab/common/attest,BenchmarkHashEnforcementCheckpoint,608.1,0.6081,0.0006081,592.0,4.0
cryptna-lab/common/attest,BenchmarkHashEnforcementCheckpoint,602.5,0.6025,0.0006025,592.0,4.0
cryptna-lab/common/attest,BenchmarkHashEnforcementCheckpoint,598.8,0.5988,0.0005987999999999999,592.0,4.0
cryptna-lab/common/attest,BenchmarkHashEnforcementCheckpoint,606.5,0.6065,0.0006065,592.0,4.0
cryptna-lab/common/attest,BenchmarkHashEnforcementCheckpoint,607.3,0.6073,0.0006073,592.0,4.0
cryptna-lab/common/attest,BenchmarkHashEnforcementCheckpoint,605.8,0.6058,0.0006058,592.0,4.0
cryptna-lab/verifier,BenchmarkVerifyFullHistoryAppraisal/events_100,236048.0,236.048,0.236048,156103.0,2436.0
cryptna-lab/verifier,BenchmarkVerifyFullHistoryAppraisal/events_100,234991.0,234.991,0.234991,156097.0,2436.0
cryptna-lab/verifier,BenchmarkVerifyFullHistoryAppraisal/events_100,230724.0,230.724,0.230724,156105.0,2436.0
cryptna-lab/verifier,BenchmarkVerifyFullHistoryAppraisal/events_100,235877.0,235.877,0.235877,156100.0,2436.0
cryptna-lab/verifier,BenchmarkVerifyFullHistoryAppraisal/events_100,232315.0,232.315,0.232315,156095.0,2436.0
cryptna-lab/verifier,BenchmarkVerifyFullHistoryAppraisal/events_100,232346.0,232.346,0.232346,156101.0,2436.0
cryptna-lab/verifier,BenchmarkVerifyFullHistoryAppraisal/events_100,232008.0,232.008,0.232008,156101.0,2436.0
cryptna-lab/verifier,BenchmarkVerifyFullHistoryAppraisal/events_100,235530.0,235.53,0.23553,156101.0,2436.0
cryptna-lab/verifier,BenchmarkVerifyFullHistoryAppraisal/events_100,230023.0,230.023,0.230023,156101.0,2436.0
cryptna-lab/verifier,BenchmarkVerifyFullHistoryAppraisal/events_100,230034.0,230.034,0.230034,156104.0,2436.0
cryptna-lab/verifier,BenchmarkVerifyFullHistoryAppraisal/events_1000,2109487.0,2109.487,2.109487,1580481.0,24946.0
cryptna-lab/verifier,BenchmarkVerifyFullHistoryAppraisal/events_1000,2101210.0,2101.21,2.10121,1580540.0,24947.0
cryptna-lab/verifier,BenchmarkVerifyFullHistoryAppraisal/events_1000,2080731.0,2080.731,2.080731,1580591.0,24947.0
cryptna-lab/verifier,BenchmarkVerifyFullHistoryAppraisal/events_1000,2110584.0,2110.584,2.110584,1580559.0,24947.0
cryptna-lab/verifier,BenchmarkVerifyFullHistoryAppraisal/events_1000,2075763.0,2075.763,2.075763,1580614.0,24947.0
cryptna-lab/verifier,BenchmarkVerifyFullHistoryAppraisal/events_1000,2120034.0,2120.034,2.120034,1580534.0,24946.0
cryptna-lab/verifier,BenchmarkVerifyFullHistoryAppraisal/events_1000,2079878.0,2079.878,2.079878,1580574.0,24947.0
cryptna-lab/verifier,BenchmarkVerifyFullHistoryAppraisal/events_1000,2090363.0,2090.363,2.090363,1580567.0,24946.0
cryptna-lab/verifier,BenchmarkVerifyFullHistoryAppraisal/events_1000,2106730.0,2106.73,2.10673,1580541.0,24947.0
cryptna-lab/verifier,BenchmarkVerifyFullHistoryAppraisal/events_1000,2091850.0,2091.85,2.09185,1580554.0,24946.0
cryptna-lab/verifier,BenchmarkVerifyEnforcementPolicy/deleted_sessions_1,2628.0,2.628,0.002628,1536.0,51.0
cryptna-lab/verifier,BenchmarkVerifyEnforcementPolicy/deleted_sessions_1,2602.0,2.602,0.002602,1536.0,51.0
cryptna-lab/verifier,BenchmarkVerifyEnforcementPolicy/deleted_sessions_1,2596.0,2.596,0.002596,1536.0,51.0
cryptna-lab/verifier,BenchmarkVerifyEnforcementPolicy/deleted_sessions_1,2614.0,2.614,0.002614,1536.0,51.0
cryptna-lab/verifier,BenchmarkVerifyEnforcementPolicy/deleted_sessions_1,2546.0,2.546,0.002546,1536.0,51.0
cryptna-lab/verifier,BenchmarkVerifyEnforcementPolicy/deleted_sessions_1,2562.0,2.562,0.002562,1536.0,51.0
cryptna-lab/verifier,BenchmarkVerifyEnforcementPolicy/deleted_sessions_1,2591.0,2.591,0.002591,1536.0,51.0
cryptna-lab/verifier,BenchmarkVerifyEnforcementPolicy/deleted_sessions_1,2571.0,2.571,0.002571,1536.0,51.0
cryptna-lab/verifier,BenchmarkVerifyEnforcementPolicy/deleted_sessions_1,2559.0,2.559,0.002559,1536.0,51.0
cryptna-lab/verifier,BenchmarkVerifyEnforcementPolicy/deleted_sessions_1,2563.0,2.563,0.002563,1536.0,51.0
cryptna-lab/verifier,BenchmarkVerifyEnforcementPolicy/active_sessions_1,1403.0,1.403,0.001403,996.0,27.0
cryptna-lab/verifier,BenchmarkVerifyEnforcementPolicy/active_sessions_1,1415.0,1.415,0.001415,996.0,27.0
cryptna-lab/verifier,BenchmarkVerifyEnforcementPolicy/active_sessions_1,1448.0,1.448,0.001448,996.0,27.0
cryptna-lab/verifier,BenchmarkVerifyEnforcementPolicy/active_sessions_1,1414.0,1.414,0.001414,996.0,27.0
cryptna-lab/verifier,BenchmarkVerifyEnforcementPolicy/active_sessions_1,1430.0,1.43,0.00143,996.0,27.0
cryptna-lab/verifier,BenchmarkVerifyEnforcementPolicy/active_sessions_1,1418.0,1.418,0.001418,996.0,27.0
cryptna-lab/verifier,BenchmarkVerifyEnforcementPolicy/active_sessions_1,1404.0,1.404,0.001404,996.0,27.0
cryptna-lab/verifier,BenchmarkVerifyEnforcementPolicy/active_sessions_1,1396.0,1.396,0.001396,996.0,27.0
cryptna-lab/verifier,BenchmarkVerifyEnforcementPolicy/active_sessions_1,1410.0,1.41,0.00141,996.0,27.0
cryptna-lab/verifier,BenchmarkVerifyEnforcementPolicy/active_sessions_1,1428.0,1.428,0.001428,996.0,27.0
cryptna-lab/verifier,BenchmarkVerifyEnforcementPolicy/deleted_sessions_10,23682.0,23.682,0.023682,12193.0,486.0
cryptna-lab/verifier,BenchmarkVerifyEnforcementPolicy/deleted_sessions_10,24034.0,24.034,0.024034,12193.0,486.0
cryptna-lab/verifier,BenchmarkVerifyEnforcementPolicy/deleted_sessions_10,23803.0,23.803,0.023803,12193.0,486.0
cryptna-lab/verifier,BenchmarkVerifyEnforcementPolicy/deleted_sessions_10,24180.0,24.18,0.02418,12193.0,486.0
cryptna-lab/verifier,BenchmarkVerifyEnforcementPolicy/deleted_sessions_10,23763.0,23.763,0.023763,12193.0,486.0
cryptna-lab/verifier,BenchmarkVerifyEnforcementPolicy/deleted_sessions_10,24190.0,24.19,0.02419,12193.0,486.0
cryptna-lab/verifier,BenchmarkVerifyEnforcementPolicy/deleted_sessions_10,23824.0,23.824,0.023824,12193.0,486.0
cryptna-lab/verifier,BenchmarkVerifyEnforcementPolicy/deleted_sessions_10,23693.0,23.693,0.023693,12193.0,486.0
cryptna-lab/verifier,BenchmarkVerifyEnforcementPolicy/deleted_sessions_10,24121.0,24.121,0.024121,12193.0,486.0
cryptna-lab/verifier,BenchmarkVerifyEnforcementPolicy/deleted_sessions_10,24015.0,24.015,0.024015,12193.0,486.0
cryptna-lab/verifier,BenchmarkVerifyEnforcementPolicy/active_sessions_10,12545.0,12.545,0.012545,9136.0,249.0
cryptna-lab/verifier,BenchmarkVerifyEnforcementPolicy/active_sessions_10,12540.0,12.54,0.01254,9136.0,249.0
cryptna-lab/verifier,BenchmarkVerifyEnforcementPolicy/active_sessions_10,12616.0,12.616,0.012616,9136.0,249.0
cryptna-lab/verifier,BenchmarkVerifyEnforcementPolicy/active_sessions_10,12505.0,12.505,0.012505,9136.0,249.0
cryptna-lab/verifier,BenchmarkVerifyEnforcementPolicy/active_sessions_10,12452.0,12.452,0.012452,9136.0,249.0
cryptna-lab/verifier,BenchmarkVerifyEnforcementPolicy/active_sessions_10,12535.0,12.535,0.012535,9137.0,249.0
cryptna-lab/verifier,BenchmarkVerifyEnforcementPolicy/active_sessions_10,12509.0,12.509,0.012509,9136.0,249.0
cryptna-lab/verifier,BenchmarkVerifyEnforcementPolicy/active_sessions_10,12511.0,12.511,0.012511,9137.0,249.0
cryptna-lab/verifier,BenchmarkVerifyEnforcementPolicy/active_sessions_10,12656.0,12.656,0.012656,9137.0,249.0
cryptna-lab/verifier,BenchmarkVerifyEnforcementPolicy/active_sessions_10,12470.0,12.47,0.01247,9136.0,249.0
cryptna-lab/verifier,BenchmarkVerifyEnforcementPolicy/deleted_sessions_100,233917.0,233.917,0.233917,121021.0,4812.0
cryptna-lab/verifier,BenchmarkVerifyEnforcementPolicy/deleted_sessions_100,231892.0,231.892,0.231892,121022.0,4812.0
cryptna-lab/verifier,BenchmarkVerifyEnforcementPolicy/deleted_sessions_100,231806.0,231.806,0.231806,121021.0,4812.0
cryptna-lab/verifier,BenchmarkVerifyEnforcementPolicy/deleted_sessions_100,237209.0,237.209,0.237209,121023.0,4812.0
cryptna-lab/verifier,BenchmarkVerifyEnforcementPolicy/deleted_sessions_100,231612.0,231.612,0.231612,121021.0,4812.0
cryptna-lab/verifier,BenchmarkVerifyEnforcementPolicy/deleted_sessions_100,233389.0,233.389,0.233389,121022.0,4812.0
cryptna-lab/verifier,BenchmarkVerifyEnforcementPolicy/deleted_sessions_100,231430.0,231.43,0.23143,121021.0,4812.0
cryptna-lab/verifier,BenchmarkVerifyEnforcementPolicy/deleted_sessions_100,232772.0,232.772,0.232772,121021.0,4812.0
cryptna-lab/verifier,BenchmarkVerifyEnforcementPolicy/deleted_sessions_100,232090.0,232.09,0.23209,121022.0,4812.0
cryptna-lab/verifier,BenchmarkVerifyEnforcementPolicy/deleted_sessions_100,229949.0,229.949,0.229949,121021.0,4812.0
cryptna-lab/verifier,BenchmarkVerifyEnforcementPolicy/active_sessions_100,123104.0,123.104,0.123104,102228.0,2421.0
cryptna-lab/verifier,BenchmarkVerifyEnforcementPolicy/active_sessions_100,123421.0,123.421,0.123421,102228.0,2421.0
cryptna-lab/verifier,BenchmarkVerifyEnforcementPolicy/active_sessions_100,122577.0,122.577,0.122577,102227.0,2421.0
cryptna-lab/verifier,BenchmarkVerifyEnforcementPolicy/active_sessions_100,124722.0,124.722,0.124722,102228.0,2421.0
cryptna-lab/verifier,BenchmarkVerifyEnforcementPolicy/active_sessions_100,122826.0,122.826,0.122826,102228.0,2421.0
cryptna-lab/verifier,BenchmarkVerifyEnforcementPolicy/active_sessions_100,123874.0,123.874,0.123874,102228.0,2421.0
cryptna-lab/verifier,BenchmarkVerifyEnforcementPolicy/active_sessions_100,124539.0,124.539,0.124539,102228.0,2421.0
cryptna-lab/verifier,BenchmarkVerifyEnforcementPolicy/active_sessions_100,121712.0,121.712,0.121712,102228.0,2421.0
cryptna-lab/verifier,BenchmarkVerifyEnforcementPolicy/active_sessions_100,121588.0,121.588,0.121588,102228.0,2421.0
cryptna-lab/verifier,BenchmarkVerifyEnforcementPolicy/active_sessions_100,124553.0,124.553,0.124553,102228.0,2421.0
cryptna-lab/verifier,BenchmarkVerifyEnforcementPolicy/deleted_sessions_500,1206587.0,1206.587,1.206587,651386.0,24018.0
cryptna-lab/verifier,BenchmarkVerifyEnforcementPolicy/deleted_sessions_500,1218941.0,1218.941,1.218941,651393.0,24018.0
cryptna-lab/verifier,BenchmarkVerifyEnforcementPolicy/deleted_sessions_500,1212209.0,1212.209,1.212209,651390.0,24018.0
cryptna-lab/verifier,BenchmarkVerifyEnforcementPolicy/deleted_sessions_500,1228142.0,1228.142,1.228142,651394.0,24018.0
cryptna-lab/verifier,BenchmarkVerifyEnforcementPolicy/deleted_sessions_500,1220468.0,1220.468,1.220468,651387.0,24018.0
cryptna-lab/verifier,BenchmarkVerifyEnforcementPolicy/deleted_sessions_500,1217886.0,1217.886,1.217886,651391.0,24018.0
cryptna-lab/verifier,BenchmarkVerifyEnforcementPolicy/deleted_sessions_500,1200149.0,1200.149,1.200149,651388.0,24018.0
cryptna-lab/verifier,BenchmarkVerifyEnforcementPolicy/deleted_sessions_500,1234464.0,1234.464,1.234464,651390.0,24018.0
cryptna-lab/verifier,BenchmarkVerifyEnforcementPolicy/deleted_sessions_500,1220248.0,1220.248,1.220248,651391.0,24018.0
cryptna-lab/verifier,BenchmarkVerifyEnforcementPolicy/deleted_sessions_500,1210246.0,1210.246,1.210246,651389.0,24018.0
cryptna-lab/verifier,BenchmarkVerifyEnforcementPolicy/active_sessions_500,703836.0,703.836,0.703836,678856.0,12034.0
cryptna-lab/verifier,BenchmarkVerifyEnforcementPolicy/active_sessions_500,711169.0,711.169,0.711169,678853.0,12034.0
cryptna-lab/verifier,BenchmarkVerifyEnforcementPolicy/active_sessions_500,700264.0,700.264,0.700264,678856.0,12034.0
cryptna-lab/verifier,BenchmarkVerifyEnforcementPolicy/active_sessions_500,723896.0,723.896,0.723896,678861.0,12034.0
cryptna-lab/verifier,BenchmarkVerifyEnforcementPolicy/active_sessions_500,712151.0,712.151,0.712151,678855.0,12034.0
cryptna-lab/verifier,BenchmarkVerifyEnforcementPolicy/active_sessions_500,712830.0,712.83,0.71283,678859.0,12034.0
cryptna-lab/verifier,BenchmarkVerifyEnforcementPolicy/active_sessions_500,734945.0,734.945,0.734945,678860.0,12034.0
cryptna-lab/verifier,BenchmarkVerifyEnforcementPolicy/active_sessions_500,705568.0,705.568,0.705568,678858.0,12034.0
cryptna-lab/verifier,BenchmarkVerifyEnforcementPolicy/active_sessions_500,701704.0,701.704,0.701704,678855.0,12034.0
cryptna-lab/verifier,BenchmarkVerifyEnforcementPolicy/active_sessions_500,711649.0,711.649,0.711649,678855.0,12034.0
